protocol_version,workload,scenario,config,runs,success_rate,measure_median_ms,q1_ms,q3_ms,prime_median_ms,speedup_vs_baseline,binary_equal_rate,visual_equal_rate,median_changed_pages,status_counts,measure_ci95_low_ms,measure_ci95_high_ms
v0.2-prime-measure,W1_text_math,S0_clean_build,B0_baseline_xelatex,20,1.0,7062.368,7059.665,7072.519,0.0,1.0,0.0,1.0,0.0,"{""ok"": 20}",7060.748,7070.193
v0.2-prime-measure,W1_text_math,S0_clean_build,B1_latexmk,20,1.0,8015.753,8011.604,8017.799,0.0,0.8811,0.0,1.0,0.0,"{""ok"": 20}",8012.184,8017.553
v0.2-prime-measure,W1_text_math,S1_text_edit,B0_baseline_xelatex,20,1.0,7067.925,7060.976,7073.141,7069.746,1.0,0.0,1.0,0.0,"{""ok"": 20}",7061.663,7071.025
v0.2-prime-measure,W1_text_math,S1_text_edit,B1_latexmk,20,1.0,4016.699,4012.859,4018.91,8013.924,1.7596,0.0,1.0,0.0,"{""ok"": 20}",4013.341,4018.689
v0.2-prime-measure,W1_text_math,S2_bib_edit,B0_baseline_xelatex,20,1.0,7072.255,7067.39,7077.709,7065.605,1.0,0.0,1.0,0.0,"{""ok"": 20}",7068.023,7076.129
v0.2-prime-measure,W1_text_math,S2_bib_edit,B1_latexmk,20,1.0,8016.323,8012.042,8019.824,8015.28,0.8822,0.0,1.0,0.0,"{""ok"": 20}",8013.121,8018.392
v0.2-prime-measure,W1_text_math,S3_figure_edit,B0_baseline_xelatex,20,1.0,7066.908,7057.415,7073.101,7069.104,1.0,0.0,1.0,0.0,"{""ok"": 20}",7058.445,7072.1
v0.2-prime-measure,W1_text_math,S3_figure_edit,B1_latexmk,20,1.0,4016.914,4013.844,4020.518,8016.867,1.7593,0.0,1.0,0.0,"{""ok"": 20}",4014.678,4020.407
v0.2-prime-measure,W1_text_math,S4_preamble_edit,B0_baseline_xelatex,20,1.0,7070.481,7063.955,7074.349,7065.505,1.0,0.0,1.0,0.0,"{""ok"": 20}",7064.631,7073.976
v0.2-prime-measure,W1_text_math,S4_preamble_edit,B1_latexmk,20,1.0,4015.025,4013.494,4018.295,8016.002,1.761,0.0,1.0,0.0,"{""ok"": 20}",4013.754,4017.888
v0.2-prime-measure,W2_cjk_font,S0_clean_build,B0_baseline_xelatex,20,1.0,7071.031,7065.962,7084.617,0.0,1.0,0.0,1.0,0.0,"{""ok"": 20}",7067.772,7079.404
v0.2-prime-measure,W2_cjk_font,S0_clean_build,B1_latexmk,20,1.0,9015.913,9013.311,9018.524,0.0,0.7843,0.0,1.0,0.0,"{""ok"": 20}",9013.644,9018.243
v0.2-prime-measure,W2_cjk_font,S1_text_edit,B0_baseline_xelatex,20,1.0,7068.147,7063.37,7074.965,7071.494,1.0,0.0,1.0,0.0,"{""ok"": 20}",7064.151,7072.617
v0.2-prime-measure,W2_cjk_font,S1_text_edit,B1_latexmk,20,1.0,4015.636,4011.392,4019.983,9016.984,1.7602,0.0,1.0,0.0,"{""ok"": 20}",4011.722,4018.986
v0.2-prime-measure,W2_cjk_font,S2_bib_edit,B0_baseline_xelatex,20,1.0,7068.191,7056.476,7076.36,7074.868,1.0,0.0,1.0,0.0,"{""ok"": 20}",7058.639,7075.751
v0.2-prime-measure,W2_cjk_font,S2_bib_edit,B1_latexmk,20,1.0,9015.11,9011.528,9018.619,9013.055,0.784,0.0,1.0,0.0,"{""ok"": 20}",9012.258,9018.24
v0.2-prime-measure,W2_cjk_font,S3_figure_edit,B0_baseline_xelatex,20,1.0,7069.704,7064.708,7073.752,7067.577,1.0,0.0,1.0,0.0,"{""ok"": 20}",7064.964,7072.396
v0.2-prime-measure,W2_cjk_font,S3_figure_edit,B1_latexmk,20,1.0,4014.159,4012.656,4019.229,9017.033,1.7612,0.0,1.0,0.0,"{""ok"": 20}",4013.086,4018.34
v0.2-prime-measure,W2_cjk_font,S4_preamble_edit,B0_baseline_xelatex,20,1.0,7061.431,7056.212,7072.025,7072.775,1.0,0.0,1.0,0.0,"{""ok"": 20}",7056.549,7069.816
v0.2-prime-measure,W2_cjk_font,S4_preamble_edit,B1_latexmk,20,1.0,4015.646,4011.275,4018.415,9014.342,1.7585,0.0,1.0,0.0,"{""ok"": 20}",4011.314,4017.467
v0.2-prime-measure,W4_tikz,S0_clean_build,B0_baseline_xelatex,20,1.0,10077.142,10065.124,10080.289,0.0,1.0,0.0,1.0,0.0,"{""ok"": 20}",10069.591,10079.595
v0.2-prime-measure,W4_tikz,S0_clean_build,B1_latexmk,20,1.0,10015.934,10009.506,10018.303,0.0,1.0061,0.0,1.0,0.0,"{""ok"": 20}",10009.557,10017.817
v0.2-prime-measure,W4_tikz,S1_text_edit,B0_baseline_xelatex,20,1.0,10067.064,10061.437,10072.687,10064.73,1.0,0.0,1.0,0.0,"{""ok"": 20}",10062.347,10072.136
v0.2-prime-measure,W4_tikz,S1_text_edit,B1_latexmk,20,1.0,4020.809,4015.043,4022.515,10015.022,2.5037,0.0,1.0,0.0,"{""ok"": 20}",4016.792,4022.325
v0.2-prime-measure,W4_tikz,S2_bib_edit,B0_baseline_xelatex,20,1.0,10069.815,10063.433,10073.367,10068.022,1.0,0.0,1.0,0.0,"{""ok"": 20}",10064.576,10072.617
v0.2-prime-measure,W4_tikz,S2_bib_edit,B1_latexmk,20,1.0,10017.449,10014.849,10019.807,10015.697,1.0052,0.0,1.0,0.0,"{""ok"": 20}",10015.907,10019.575
v0.2-prime-measure,W4_tikz,S3_figure_edit,B0_baseline_xelatex,20,1.0,10067.636,10065.05,10075.204,10077.24,1.0,0.0,1.0,0.0,"{""ok"": 20}",10065.871,10075.001
v0.2-prime-measure,W4_tikz,S3_figure_edit,B1_latexmk,20,1.0,4017.575,4014.442,4018.375,10013.184,2.5059,0.0,1.0,0.0,"{""ok"": 20}",4015.108,4017.93
v0.2-prime-measure,W4_tikz,S4_preamble_edit,B0_baseline_xelatex,20,1.0,10063.139,10059.206,10068.357,10071.183,1.0,0.0,1.0,0.0,"{""ok"": 20}",10059.506,10067.128
v0.2-prime-measure,W4_tikz,S4_preamble_edit,B1_latexmk,20,1.0,4014.665,4012.425,4019.289,10014.002,2.5066,0.0,1.0,0.0,"{""ok"": 20}",4012.49,4018.809
v0.2-prime-measure,W5_minted,S0_clean_build,B0_baseline_xelatex,20,1.0,43064.599,43059.145,43077.097,0.0,1.0,0.0,1.0,0.0,"{""ok"": 20}",43060.006,43072.518
v0.2-prime-measure,W5_minted,S0_clean_build,B1_latexmk,20,1.0,38016.504,38013.127,38021.145,0.0,1.1328,0.0,1.0,0.0,"{""ok"": 20}",38013.483,38020.796
v0.2-prime-measure,W5_minted,S0_clean_build,B4_minted_cache,20,1.0,19016.497,19011.293,19019.429,0.0,2.2646,0.0,1.0,0.0,"{""ok"": 20}",19011.956,19019.272
v0.2-prime-measure,W5_minted,S1_text_edit,B0_baseline_xelatex,20,1.0,43065.447,43062.465,43070.91,43062.811,1.0,0.0,1.0,0.0,"{""ok"": 20}",43063.098,43070.451
v0.2-prime-measure,W5_minted,S1_text_edit,B1_latexmk,20,1.0,14015.135,14009.802,14018.702,38013.51,3.0728,0.0,1.0,0.0,"{""ok"": 20}",14010.164,14018.014
v0.2-prime-measure,W5_minted,S1_text_edit,B4_minted_cache,20,1.0,6016.746,6013.583,6019.263,19017.138,7.1576,0.0,1.0,0.0,"{""ok"": 20}",6013.875,6019.151
v0.2-prime-measure,W5_minted,S2_bib_edit,B0_baseline_xelatex,20,1.0,43067.701,43060.937,43077.459,43072.745,1.0,0.0,1.0,0.0,"{""ok"": 20}",43063.277,43076.315
v0.2-prime-measure,W5_minted,S2_bib_edit,B1_latexmk,20,1.0,38014.567,38011.815,38018.173,38015.569,1.1329,0.0,1.0,0.0,"{""ok"": 20}",38012.112,38017.462
v0.2-prime-measure,W5_minted,S2_bib_edit,B4_minted_cache,20,1.0,16018.985,16013.517,16022.063,19013.191,2.6885,0.0,1.0,0.0,"{""ok"": 20}",16014.611,16021.677
v0.2-prime-measure,W5_minted,S3_figure_edit,B0_baseline_xelatex,20,1.0,43065.962,43056.659,43071.717,43070.272,1.0,0.0,1.0,0.0,"{""ok"": 20}",43059.009,43071.204
v0.2-prime-measure,W5_minted,S3_figure_edit,B1_latexmk,20,1.0,14010.87,13761.288,14012.485,38012.573,3.0738,0.0,1.0,0.0,"{""ok"": 20}",14007.431,14012.113
v0.2-prime-measure,W5_minted,S3_figure_edit,B4_minted_cache,20,1.0,6011.453,6009.796,6015.968,19016.902,7.164,0.0,1.0,0.0,"{""ok"": 20}",6009.818,6014.846
v0.2-prime-measure,W5_minted,S4_preamble_edit,B0_baseline_xelatex,20,1.0,43063.162,43052.435,43071.074,43062.649,1.0,0.0,1.0,0.0,"{""ok"": 20}",43053.537,43069.209
v0.2-prime-measure,W5_minted,S4_preamble_edit,B1_latexmk,20,1.0,14014.223,14011.249,14017.976,38015.414,3.0728,0.0,1.0,0.0,"{""ok"": 20}",14011.935,14017.764
v0.2-prime-measure,W5_minted,S4_preamble_edit,B4_minted_cache,20,1.0,6014.192,6011.055,6020.169,19013.557,7.1603,0.0,1.0,0.0,"{""ok"": 20}",6011.436,6018.968
